-- phpMyAdmin SQL Dump
-- version 5.2.1
-- https://www.phpmyadmin.net/
--
-- Servidor: 127.0.0.1
-- Tiempo de generación: 30-07-2025 a las 21:18:09
-- Versión del servidor: 10.4.32-MariaDB
-- Versión de PHP: 8.2.12

SET SQL_MODE = "NO_AUTO_VALUE_ON_ZERO";
START TRANSACTION;
SET time_zone = "+00:00";


/*!40101 SET @OLD_CHARACTER_SET_CLIENT=@@CHARACTER_SET_CLIENT */;
/*!40101 SET @OLD_CHARACTER_SET_RESULTS=@@CHARACTER_SET_RESULTS */;
/*!40101 SET @OLD_COLLATION_CONNECTION=@@COLLATION_CONNECTION */;
/*!40101 SET NAMES utf8mb4 */;

--
-- Base de datos: `bd_mezcladitas`
--
CREATE DATABASE IF NOT EXISTS `bd_mezcladitas`;
USE `bd_mezcladitas`;

-- --------------------------------------------------------

--
-- Estructura de tabla para la tabla `inventario`
--

CREATE TABLE `inventario` (
  `id` int(11) NOT NULL,
  `categoria` varchar(60) NOT NULL,
  `nombre` varchar(60) NOT NULL,
  `marca` varchar(60) NOT NULL,
  `descripcion` varchar(60) NOT NULL,
  `precio` decimal(10,2) NOT NULL,
  `existencia` int(11) NOT NULL
) ENGINE=InnoDB DEFAULT CHARSET=utf8mb4 COLLATE=utf8mb4_general_ci;

--
-- Volcado de datos para la tabla `inventario`
--

INSERT INTO `inventario` (`id`, `categoria`, `nombre`, `marca`, `descripcion`, `precio`, `existencia`) VALUES
(1, 'BOLSA', 'WEF', 'QWEF', 'QWEF', 800.00, 6),
(4, 'LLAVEROS', 'FURIA', 'DESIGN', 'GRANDE', 100.00, 1),
(5, 'BOLSA', 'BLOOM', 'GUESS', 'ROSA', 100.00, 7),
(6, 'PERFUME', 'HALLOWEEN', 'IDK', 'MUJER', 1200.00, 7),
(11, 'TENIS', 'EQUIS', 'IDK', 'AZULES', 1200.00, 5),
(12, 'BOLSAS', 'BLUE', 'GUESS', 'IDK', 1200.00, 5),
(13, 'LLAVEROS', 'AJOLOTE', 'DESIGN', 'MINI', 25.00, 10),
(17, 'TENIS', 'JORDAN AIR', 'NIKE', 'ROJOS', 5000.00, 1);

-- --------------------------------------------------------

--
-- Estructura de tabla para la tabla `sesion`
--

CREATE TABLE `sesion` (
  `id` int(11) NOT NULL,
  `nombre` varchar(60) NOT NULL,
  `apellidos` varchar(60) NOT NULL,
  `email` varchar(60) NOT NULL,
  `contrasena` varchar(60) NOT NULL
) ENGINE=InnoDB DEFAULT CHARSET=utf8mb4 COLLATE=utf8mb4_general_ci;

--
-- Volcado de datos para la tabla `sesion`
--

INSERT INTO `sesion` (`id`, `nombre`, `apellidos`, `email`, `contrasena`) VALUES
(1, 'ANITA', 'GARCIA', 'anita@gmail.com', '1234'),
(2, 'BIBIS', 'SORIA', 'bibs@gmail.com', '4321'),
(3, 'CHESTER', 'CHETTOS', 'chester@gmail.com', '123'),
(4, 'PEDRITO', 'ZAPATA', 'ped@gmail.com', '1234'),
(5, 'DAGOBERTO', 'FISCAL', 'dagfiscal@gmail.com', '456');

-- --------------------------------------------------------

--
-- Estructura de tabla para la tabla `ventas`
--

CREATE TABLE `ventas` (
  `id` int(11) NOT NULL,
  `id_usuario` int(11) NOT NULL,
  `id_producto` int(11) NOT NULL,
  `nombre` varchar(60) NOT NULL,
  `categoria` varchar(60) NOT NULL,
  `unidades_vendidas` int(11) NOT NULL,
  `total` decimal(10,2) NOT NULL,
  `fecha` date NOT NULL
) ENGINE=InnoDB DEFAULT CHARSET=utf8mb4 COLLATE=utf8mb4_general_ci;

--
-- Volcado de datos para la tabla `ventas`
--

INSERT INTO `ventas` (`id`, `id_usuario`, `id_producto`, `nombre`, `categoria`, `unidades_vendidas`, `total`, `fecha`) VALUES
(1, 1, 1, 'CHERRY', 'BOLSA', 2, 2400.00, '2025-07-23'),
(2, 2, 5, 'BLOOM', 'BOLSA', 3, 300.00, '2025-07-23'),
(3, 2, 1, 'CHERRY', 'BOLSA', 2, 2400.00, '2025-07-23'),
(9, 3, 6, '6', 'PERFUME', 1, 1200.00, '2025-07-26'),
(10, 3, 11, 'EQUIS', 'TENIS', 2, 2400.00, '2025-07-26'),
(16, 3, 12, 'BLUE', 'BOLSAS', 2, 2400.00, '2025-07-29'),
(20, 3, 4, 'FURIA', 'LLAVEROS', 1, 100.00, '2025-07-30'),
(23, 3, 1, 'WEF', 'BOLSA', 1, 800.00, '2025-07-30'),
(24, 5, 17, 'JORDAN AIR', 'TENIS', 1, 5000.00, '2025-07-30');

--
-- Índices para tablas volcadas
--

--
-- Indices de la tabla `inventario`
--
ALTER TABLE `inventario`
  ADD PRIMARY KEY (`id`);

--
-- Indices de la tabla `sesion`
--
ALTER TABLE `sesion`
  ADD PRIMARY KEY (`id`);

--
-- Indices de la tabla `ventas`
--
ALTER TABLE `ventas`
  ADD PRIMARY KEY (`id`),
  ADD KEY `id_producto` (`id_producto`),
  ADD KEY `id_usuario` (`id_usuario`);

--
-- AUTO_INCREMENT de las tablas volcadas
--

--
-- AUTO_INCREMENT de la tabla `inventario`
--
ALTER TABLE `inventario`
  MODIFY `id` int(11) NOT NULL AUTO_INCREMENT, AUTO_INCREMENT=21;

--
-- AUTO_INCREMENT de la tabla `sesion`
--
ALTER TABLE `sesion`
  MODIFY `id` int(11) NOT NULL AUTO_INCREMENT, AUTO_INCREMENT=6;

--
-- AUTO_INCREMENT de la tabla `ventas`
--
ALTER TABLE `ventas`
  MODIFY `id` int(11) NOT NULL AUTO_INCREMENT, AUTO_INCREMENT=25;

--
-- Restricciones para tablas volcadas
--

--
-- Filtros para la tabla `ventas`
--
ALTER TABLE `ventas`
  ADD CONSTRAINT `ventas_ibfk_1` FOREIGN KEY (`id_producto`) REFERENCES `inventario` (`id`),
  ADD CONSTRAINT `ventas_ibfk_2` FOREIGN KEY (`id_usuario`) REFERENCES `sesion` (`id`);
COMMIT;

/*!40101 SET CHARACTER_SET_CLIENT=@OLD_CHARACTER_SET_CLIENT */;
/*!40101 SET CHARACTER_SET_RESULTS=@OLD_CHARACTER_SET_RESULTS */;
/*!40101 SET COLLATION_CONNECTION=@OLD_COLLATION_CONNECTION */;
